Workbook
Name Slicer_Country_Risk_Rating.: #N/A
Name Slicer_Payment_type: #N/A

Sheet Sheet1
A1: Time | B1: Date | C1: Sender_account | D1: Receiver_account | E1: Amount | F1: Payment_currency | G1: Received_currency | H1: Sender_bank_location | I1: Receiver_bank_location | J1: Payment_type | K1: Is_laundering | L1: Laundering_type | M1: Currency_Check | N1: Country_Risk_Rating.
A2: 0.44119213 | B2: 44841 | C2: 8724731955 | D2: 2769355426 | E2: 1459.15 | F2: UK pounds | G2: UK pounds | H2: UK | I2: UK | J2: Cash Deposit | K2: 0 | L2: Normal_Cash_Deposits | M2: =IF(F2=G2, "Consistent", "Potential Layering") -> Consistent | N2: =_xlfn.XLOOKUP(H2, risk_score!A:A, risk_score!B:B, "Not Found") -> Low Risk
A3: 0.4412037 | B3: 44841 | C3: 1491989064 | D3: 8401255335 | E3: 6019.64 | F3: UK pounds | G3: Dirham | H3: UK | I3: UAE | J3: Cross-border | K3: 0 | L3: Normal_Fan_Out | M3: =IF(F3=G3, "Consistent", "Potential Layering") -> Potential Layering | N3: =_xlfn.XLOOKUP(H3, risk_score!A:A, risk_score!B:B, 0) -> Low Risk
A4: 0.4412037 | B4: 44841 | C4: 287305149 | D4: 4404767002 | E4: 14328.44 | F4: UK pounds | G4: UK pounds | H4: UK | I4: UK | J4: Cheque | K4: 0 | L4: Normal_Small_Fan_Out | M4: =IF(F4=G4, "Consistent", "Potential Layering") -> Consistent | N4: =_xlfn.XLOOKUP(H4, risk_score!A:A, risk_score!B:B, 0) -> Low Risk
A5: 0.44121528 | B5: 44841 | C5: 5376652437 | D5: 9600420220 | E5: 11895 | F5: UK pounds | G5: UK pounds | H5: UK | I5: UK | J5: ACH | K5: 0 | L5: Normal_Fan_In | M5: =IF(F5=G5, "Consistent", "Potential Layering") -> Consistent | N5: =_xlfn.XLOOKUP(H5, risk_score!A:A, risk_score!B:B, 0) -> Low Risk
A6: 0.44121528 | B6: 44841 | C6: 9614186178 | D6: 3803336972 | E6: 115.25 | F6: UK pounds | G6: UK pounds | H6: UK | I6: UK | J6: Cash Deposit | K6: 0 | L6: Normal_Cash_Deposits | M6: =IF(F6=G6, "Consistent", "Potential Layering") -> Consistent | N6: =_xlfn.XLOOKUP(H6, risk_score!A:A, risk_score!B:B, 0) -> Low Risk
A7: 0.44121528 | B7: 44841 | C7: 8974559268 | D7: 3143547511 | E7: 5130.99 | F7: UK pounds | G7: UK pounds | H7: UK | I7: UK | J7: ACH | K7: 0 | L7: Normal_Group | M7: =IF(F7=G7, "Consistent", "Potential Layering") -> Consistent | N7: =_xlfn.XLOOKUP(H7, risk_score!A:A, risk_score!B:B, 0) -> Low Risk
A8: 0.44123843 | B8: 44841 | C8: 980191499 | D8: 8577635959 | E8: 12176.52 | F8: UK pounds | G8: UK pounds | H8: UK | I8: UK | J8: ACH | K8: 0 | L8: Normal_Small_Fan_Out | M8: =IF(F8=G8, "Consistent", "Potential Layering") -> Consistent | N8: =_xlfn.XLOOKUP(H8, risk_score!A:A, risk_score!B:B, 0) -> Low Risk
A9: 0.44123843 | B9: 44841 | C9: 8057793308 | D9: 9350896213 | E9: 56.9 | F9: UK pounds | G9: UK pounds | H9: UK | I9: UK | J9: Credit card | K9: 0 | L9: Normal_Small_Fan_Out | M9: =IF(F9=G9, "Consistent", "Potential Layering") -> Consistent | N9: =_xlfn.XLOOKUP(H9, risk_score!A:A, risk_score!B:B, 0) -> Low Risk
A10: 0.44127315 | B10: 44841 | C10: 6116657264 | D10: 656192169 | E10: 4738.45 | F10: UK pounds | G10: UK pounds | H10: UK | I10: UK | J10: Cheque | K10: 0 | L10: Normal_Fan_Out | M10: =IF(F10=G10, "Consistent", "Potential Layering") -> Consistent | N10: =_xlfn.XLOOKUP(H10, risk_score!A:A, risk_score!B:B, 0) -> Low Risk
A11: 0.44130787 | B11: 44841 | C11: 7421451752 | D11: 2755709071 | E11: 5883.87 | F11: Indian rupee | G11: UK pounds | H11: UK | I11: UK | J11: Credit card | K11: 0 | L11: Normal_Fan_Out | M11: =IF(F11=G11, "Consistent", "Potential Layering") -> Potential Layering | N11: =_xlfn.XLOOKUP(H11, risk_score!A:A, risk_score!B:B, 0) -> Low Risk
A12: 0.44133102 | B12: 44841 | C12: 5119661534 | D12: 9734073275 | E12: 2342.31 | F12: UK pounds | G12: UK pounds | H12: UK | I12: UK | J12: Debit card | K12: 0 | L12: Normal_Small_Fan_Out | M12: =IF(F12=G12, "Consistent", "Potential Layering") -> Consistent | N12: =_xlfn.XLOOKUP(H12, risk_score!A:A, risk_score!B:B, 0) -> Low Risk
A13: 0.44136574 | B13: 44841 | C13: 5606024775 | D13: 8646193759 | E13: 1239.61 | F13: UK pounds | G13: UK pounds | H13: UK | I13: UK | J13: Cash Deposit | K13: 0 | L13: Normal_Cash_Deposits | M13: =IF(F13=G13, "Consistent", "Potential Layering") -> Consistent | N13: =_xlfn.XLOOKUP(H13, risk_score!A:A, risk_score!B:B, 0) -> Low Risk
A14: 0.44136574 | B14: 44841 | C14: 1405792399 | D14: 5109623450 | E14: 16555.31 | F14: UK pounds | G14: Pakistani rupee | H14: UK | I14: UK | J14: Credit card | K14: 0 | L14: Normal_Fan_In | M14: =IF(F14=G14, "Consistent", "Potential Layering") -> Potential Layering | N14: =_xlfn.XLOOKUP(H14, risk_score!A:A, risk_score!B:B, 0) -> Low Risk
... A5000: 0.57109954 | B5000: 44841 | C5000: 3954481733 | D5000: 7498218097 | E5000: 561.06 | F5000: UK pounds | G5000: UK pounds | H5000: UK | I5000: UK | J5000: Cheque | K5000: 0 | L5000: Normal_Small_Fan_Out | M5000: =IF(F5000=G5000, "Consistent", "Potential Layering") -> Consistent | N5000: =_xlfn.XLOOKUP(H5000, risk_score!A:A, risk_score!B:B, 0) -> Low Risk

Sheet risk_score
A2: Country | B2: Risk Score
A3: UK | B3: Low Risk
A4: Albania | B4: High Risk
A5: Nigeria | B5: High Risk
A6: Japan | B6: Medium Risk
A7: Spain | B7: Low Risk
A8: Switzerland | B8: Low Risk
A9: UAE | B9: Medium Risk
A10: Italy | B10: Low Risk
A11: France | B11: Low Risk
A12: Pakistan | B12: High Risk
A13: Mexico | B13: High Risk
... A18: Morocco | B18: Medium Risk

Sheet Sheet2
A3: Row Labels | B3: Sum of Amount | C3: Count of Sender_account
A4: High Risk | B4: 226466.48 | C4: 30
A5: Low Risk | B5: 39206060 | C5: 4949
A6: Medium Risk | B6: 232067.3 | C6: 20
A7: Grand Total | B7: 39664593 | C7: 4999

Sheet Sheet3
A1: Country_Risk_Rating. | B1: (All)
A3: Row Labels | B3: Sum of Amount
A4: Albania | B4: 33040.78
A5: Austria | B5: 11484.96
A6: France | B6: 94863.02
A7: Germany | B7: 87087.3
A8: India | B8: 5863.41
A9: Italy | B9: 28759.57
A10: Japan | B10: 125796.22
A11: Mexico | B11: 63847.42
A12: Morocco | B12: 35594.99
A13: Nigeria | B13: 41423.72
A14: Pakistan | B14: 74093.59
A15: Spain | B15: 276331.48
... A20: Grand Total | B20: 39664593

Sheet Sheet4
A3: Sum of Amount | B3: Column Labels
A4: Row Labels | B4: High Risk | C4: Low Risk | D4: Medium Risk | E4: Grand Total
A5: ACH | C5: 8516153.7 | E5: 8516153.7
A6: Cash Deposit | C6: 637909.51 | E6: 637909.51
A7: Cash Withdrawal | C7: 20609.08 | E7: 20609.08
A8: Cheque | C8: 8520028.1 | E8: 8520028.1
A9: Credit card | C9: 8616312.1 | E9: 8616312.1
A10: Cross-border | B10: 225733.8 | C10: 4145548.8 | D10: 232067.3 | E10: 4603349.9
A11: Debit card | B11: 732.68 | C11: 8749498.4 | E11: 8750231.1
A12: Grand Total | B12: 226466.48 | C12: 39206060 | D12: 232067.3 | E12: 39664593

Sheet Sheet5
A1: Is_laundering | B1: 1
A3: Date | B3: Sender_account | C3: Laundering_type | D3: Sum of Amount
A4: 44841 | B4: 445154846 | C4: Structuring | D4: 3957.87
A5: 44841 | B5: 2758469152 | C5: Structuring | D5: 7832.41
A6: 44841 | B6: 3758118046 | C6: Behavioural_Change_2 | D6: 5903.33
A7: 44841 | B7: 4624222122 | C7: Layered_Fan_Out | D7: 13837.82
A8: 44841 | B8: 4928880336 | C8: Layered_Fan_In | D8: 10753.267
A9: 44841 | B9: 5262095561 | C9: Smurfing | D9: 4194.02
A10: 44841 | B10: 5748489103 | C10: Behavioural_Change_1 | D10: 3252.35
A11: 44841 | B11: 6340007440 | C11: Cash_Withdrawal | D11: 106.04
A12: 44841 | B12: 7401327478 | C12: Smurfing | D12: 2603.3

Sheet Sheet7
A1: Is_laundering | B1: 1
A3: Count of Is_laundering
A4: 9

Sheet Sheet8
A1: Is_laundering | B1: 1
A3: Row Labels | B3: Count of Is_laundering
A4: Cross-border | B4: 4
A5: Cash Deposit | B5: 2
A6: Debit card | B6: 1
A7: Cash Withdrawal | B7: 1
A8: Credit card | B8: 1
A9: Grand Total | B9: 9

Sheet Sheet9
A1: Is_laundering | B1: 1
A3: Sum of Amount
A4: 52440.407

Sheet Sheet11
A1: Is_laundering | B1: (All)
A3: Row Labels | B3: Count of Is_laundering
A4: 10 | B4: 651
A5: 11 | B5: 1674
A6: 12 | B6: 1521
A7: 13 | B7: 1153
A8: Grand Total | B8: 4999

Sheet Dashboard
P7: Date | Q7: Sender_account | R7: Laundering_type | S7: Sum of Amount
P8: 44841 | Q8: 445154846 | R8: Structuring | S8: 3957.87
P9: 44841 | Q9: 2758469152 | R9: Structuring | S9: 7832.41
P10: 44841 | Q10: 3758118046 | R10: Behavioural_Change_2 | S10: 5903.33
P11: 44841 | Q11: 4624222122 | R11: Layered_Fan_Out | S11: 13837.82
P12: 44841 | Q12: 4928880336 | R12: Layered_Fan_In | S12: 10753.267
P13: 44841 | Q13: 5262095561 | R13: Smurfing | S13: 4194.02
P14: 44841 | Q14: 5748489103 | R14: Behavioural_Change_1 | S14: 3252.35
P15: 44841 | Q15: 6340007440 | R15: Cash_Withdrawal | S15: 106.04
P16: 44841 | Q16: 7401327478 | R16: Smurfing | S16: 2603.3
